Fullname,Username,Domain,CommentDate,Email,CommentCount
Nash Aufderhar,nash.aufderhar,hettinger.net,2018-06-23 12:50,nash.aufderhar@hettinger.net,1
Weldon Davis,weldon.davis,hoppe.org,2018-11-03 01:45,weldon.davis@hoppe.org,1
Jamison Wyman,jamison.wyman,ward.net,2019-04-17 01:22,jamison.wyman@ward.net,1
Adrienne Schiller,adrienne.schiller,kohler.it,2019-06-10 03:29,adrienne.schiller@kohler.it,1
Camron Mayer,camron.mayer,champlin.net,2019-04-25 09:20,camron.mayer@champlin.net,1
Shad Mertz,shad.mertz,pagac.it,2019-09-30 04:48,shad.mertz@pagac.it,1
Bettie O'Keefe,bettie.o'keefe,jacobs.org,2019-08-25 01:34,bettie.o'keefe@jacobs.org,1
Danika Zieme,danika.zieme,turner.com,2018-08-28 05:07,danika.zieme@turner.com,1
Maiya Ondricka,maiya.ondricka,fahey.org,2018-04-30 01:50,maiya.ondricka@fahey.org,1
Carol O'Kon,carol.o'kon,ziemann.it,2019-07-08 10:37,carol.o'kon@ziemann.it,1
London Zulauf,london.zulauf,gibson.com,2018-12-05 08:14,london.zulauf@gibson.com,1
Garry Hoppe,garry.hoppe,connelly.org,2018-03-28 08:19,garry.hoppe@connelly.org,1
Leatha Grimes,leatha.grimes,funk.it,2018-10-21 01:49,leatha.grimes@funk.it,1
